<?xml version="1.0" encoding="UTF-8"?>
<databaseChangeLog xmlns="http://www.liquibase.org/xml/ns/dbchangelog"
                   xmlns:xsi="http://www.w3.org/2001/XMLSchema-instance"
                   xsi:schemaLocation="http://www.liquibase.org/xml/ns/dbchangelog http://www.liquibase.org/xml/ns/dbchangelog/dbchangelog-4.10.xsd">
    <changeSet id="insert-players-data" author="Konler">
        <sql>
    INSERT INTO my_schema.players (login, balance, password) VALUES ('user1', 100.00, 12345);
    </sql>
    </changeSet>

    <changeSet id="insert-players-data-2" author="Konler">
        <sql>
    INSERT INTO my_schema.players (login, balance, password) VALUES ('user2', 200.00, 54321);
    </sql>
    </changeSet>

</databaseChangeLog>