<?xml version="1.0" encoding="UTF-8"?>
<databaseChangeLog xmlns="http://www.liquibase.org/xml/ns/dbchangelog"
                   xmlns:xsi="http://www.w3.org/2001/XMLSchema-instance"
                   xsi:schemaLocation="http://www.liquibase.org/xml/ns/dbchangelog http://www.liquibase.org/xml/ns/dbchangelog/dbchangelog-4.10.xsd">
    <changeSet id="insert-transactions-data" author="Konler">
        <sql>
            INSERT INTO my_schema.transactions (type, amount, state, player_id) VALUES ('CREDIT', 50.00, 'SUCCESSFUL', 1);
        </sql>
    </changeSet>

    <changeSet id="insert-transactions-data-2" author="Konler">
    <sql>
        INSERT INTO my_schema.transactions (type, amount, state, player_id) VALUES ('CREDIT', 30.00, 'SUCCESSFUL', 2);
    </sql>
    </changeSet>
</databaseChangeLog>